model,test_KL_mean,test_KL_std,test_JSD_mean,test_JSD_std,test_cosine_mean,test_cosine_std,pearson_entropy_corr,spearman_entropy_corr,precision_at_100,precision_at_200,precision_at_500,head_type
ResNet18_KL,0.6247321,1.1438779,0.12212548,0.17925735,0.8295403,0.30436903,0.28653553,0.3034957587371487,0.12,0.205,0.42,Linear
ResNet18_KL_MLP_Head,0.65350574,1.1026285,0.1334075,0.18358909,0.81521046,0.31429356,0.2472136,0.2757303102203942,0.07,0.165,0.38,MLP
